{
    "title": "HK Land Sensor",
    "image": null,
    "assignedCustomers": null,
    "mobileHide": false,
    "mobileOrder": null,
    "configuration": {
        "description": "",
        "widgets": {
            "f33c746c-0dfc-c212-395b-b448c8a17209": {
                "isSystemType": true,
                "bundleAlias": "cards",
                "typeAlias": "entities_table",
                "type": "latest",
                "title": "New widget",
                "sizeX": 11,
                "sizeY": 11,
                "config": {
                    "timewindow": {
                        "realtime": {
                            "interval": 1000,
                            "timewindowMs": 86400000
                        },
                        "aggregation": {
                            "type": "NONE",
                            "limit": 200
                        }
                    },
                    "showTitle": true,
                    "backgroundColor": "rgb(255, 255, 255)",
                    "color": "rgba(0, 0, 0, 0.87)",
                    "padding": "4px",
                    "settings": {
                        "enableSearch": true,
                        "displayPagination": true,
                        "defaultPageSize": 30,
                        "defaultSortOrder": "Label",
                        "displayEntityName": true,
                        "displayEntityType": false,
                        "enableSelectColumnDisplay": true,
                        "entitiesTitle": "Air-Guard Sensors",
                        "displayEntityLabel": false,
                        "entityNameColumnTitle": "Sensor name",
                        "enableStickyHeader": true,
                        "enableStickyAction": true,
                        "reserveSpaceForHiddenAction": "true",
                        "useRowStyleFunction": false
                    },
                    "title": "Sensors",
                    "dropShadow": false,
                    "enableFullscreen": true,
                    "titleStyle": {
                        "fontSize": "16px",
                        "fontWeight": 400,
                        "padding": "5px 10px 5px 10px"
                    },
                    "useDashboardTimewindow": false,
                    "showLegend": false,
                    "datasources": [
                        {
                            "type": "entity",
                            "name": null,
                            "entityAliasId": "3093cabc-bf18-417f-fba0-c57c9c316626",
                            "filterId": "68efeb68-4581-0859-5c47-d41376d3998a",
                            "dataKeys": [
                                {
                                    "name": "label",
                                    "type": "entityField",
                                    "label": "Label",
                                    "color": "#8bc34a",
                                    "settings": {
                                        "columnWidth": "0px",
                                        "useCellStyleFunction": false,
                                        "cellStyleFunction": "",
                                        "useCellContentFunction": false,
                                        "cellContentFunction": "",
                                        "defaultColumnVisibility": "visible",
                                        "columnSelectionToDisplay": "enabled"
                                    },
                                    "_hash": 0.7835043266883457,
                                    "units": null,
                                    "decimals": null,
                                    "funcBody": null,
                                    "usePostProcessing": null,
                                    "postFuncBody": null
                                },
                                {
                                    "name": "isActive",
                                    "type": "timeseries",
                                    "label": "Active",
                                    "color": "#ff9800",
                                    "settings": {
                                        "columnWidth": "0px",
                                        "useCellStyleFunction": false,
                                        "cellStyleFunction": "",
                                        "useCellContentFunction": true,
                                        "defaultColumnVisibility": "visible",
                                        "columnSelectionToDisplay": "enabled",
                                        "cellContentFunction": "var status = value;\r\n\r\nvar stateSvg = getStateSvg(status);\r\nvar encodedStateSvg = encodeURIComponent(stateSvg);\r\nvar stateSvgUrl = 'data:image/svg+xml,' + encodedStateSvg;\r\nvar stateLabel = status;\r\n\r\nreturn '<span>'+\r\n           '<img style=\"vertical-align: middle;\" class=\"mat-icon\" src=\"'+ stateSvgUrl +'\">' +\r\n           '<span style=\"vertical-align: middle; padding-left: 8px;\"> </span>' +\r\n       '</span>';\r\n            \r\nfunction getStateSvg(status) {\r\n    switch (status) {\r\n        case 'false':\r\n            return '<svg width=\"20\" height=\"20\" viewBox=\"0 0 20 20\" fill=\"none\" xmlns=\"http://www.w3.org/2000/svg\">' +\r\n                   '<circle cx=\"10\" cy=\"10\" r=\"6\" fill=\"#E64A19\"/>' +\r\n                   '</svg>';\r\n           case 'true':            \r\n            return '<svg width=\"20\" height=\"20\" viewBox=\"0 0 20 20\" fill=\"none\" xmlns=\"http://www.w3.org/2000/svg\">' +\r\n                   '<circle cx=\"10\" cy=\"10\" r=\"6\" fill=\"#1F8B4D\"/>' +\r\n                   '</svg>';\r\n           default:\r\n            return '<svg width=\"20\" height=\"20\" viewBox=\"0 0 20 20\" fill=\"none\" xmlns=\"http://www.w3.org/2000/svg\">' +\r\n                   '<circle cx=\"10\" cy=\"10\" r=\"6\" fill=\"#AAAAAA\"/>' +\r\n                   '</svg>';\r\n    }\r\n}"
                                    },
                                    "_hash": 0.38303326739095156,
                                    "units": null,
                                    "decimals": null,
                                    "funcBody": null,
                                    "usePostProcessing": null,
                                    "postFuncBody": null
                                },
                                {
                                    "name": "temperature",
                                    "type": "timeseries",
                                    "label": "Temperature",
                                    "color": "#8b6089",
                                    "settings": {
                                        "columnWidth": "0px",
                                        "useCellStyleFunction": false,
                                        "cellStyleFunction": "",
                                        "useCellContentFunction": false,
                                        "cellContentFunction": "",
                                        "defaultColumnVisibility": "visible",
                                        "columnSelectionToDisplay": "enabled"
                                    },
                                    "_hash": 0.1690886894864818,
                                    "units": "\u00b0C",
                                    "decimals": 1,
                                    "funcBody": null,
                                    "usePostProcessing": null,
                                    "postFuncBody": null
                                },
                                {
                                    "name": "relativeHumidity",
                                    "type": "timeseries",
                                    "label": "Relative Humidity",
                                    "color": "#9c27b0",
                                    "settings": {
                                        "columnWidth": "100px",
                                        "useCellStyleFunction": false,
                                        "cellStyleFunction": "",
                                        "useCellContentFunction": false,
                                        "cellContentFunction": "",
                                        "defaultColumnVisibility": "visible",
                                        "columnSelectionToDisplay": "enabled"
                                    },
                                    "_hash": 0.9914214908832348,
                                    "units": "%",
                                    "decimals": 1,
                                    "funcBody": null,
                                    "usePostProcessing": null,
                                    "postFuncBody": null
                                },
                                {
                                    "name": "co2",
                                    "type": "timeseries",
                                    "label": "CO\u2082",
                                    "color": "#4caf50",
                                    "settings": {
                                        "columnWidth": "50px",
                                        "useCellStyleFunction": false,
                                        "useCellContentFunction": false,
                                        "defaultColumnVisibility": "visible",
                                        "columnSelectionToDisplay": "enabled"
                                    },
                                    "_hash": 0.9801965063904188,
                                    "units": "ppm",
                                    "decimals": 0,
                                    "funcBody": null,
                                    "usePostProcessing": null,
                                    "postFuncBody": null
                                },
                                {
                                    "name": "gas2",
                                    "type": "timeseries",
                                    "label": "Gas2",
                                    "color": "#f44336",
                                    "settings": {
                                        "columnWidth": "50px",
                                        "useCellStyleFunction": false,
                                        "useCellContentFunction": false,
                                        "defaultColumnVisibility": "visible",
                                        "columnSelectionToDisplay": "enabled"
                                    },
                                    "_hash": 0.5726727868178358,
                                    "units": "ppb",
                                    "decimals": 1,
                                    "funcBody": null,
                                    "usePostProcessing": null,
                                    "postFuncBody": null
                                },
                                {
                                    "name": "tvoc",
                                    "type": "timeseries",
                                    "label": "TVOCs",
                                    "color": "#673ab7",
                                    "settings": {
                                        "columnWidth": "50px",
                                        "useCellStyleFunction": false,
                                        "cellStyleFunction": "",
                                        "useCellContentFunction": false,
                                        "cellContentFunction": "",
                                        "defaultColumnVisibility": "visible",
                                        "columnSelectionToDisplay": "enabled"
                                    },
                                    "_hash": 0.0646281734764178,
                                    "units": "ppb",
                                    "decimals": 0,
                                    "funcBody": null,
                                    "usePostProcessing": null,
                                    "postFuncBody": null
                                },
                                {
                                    "name": "pm1_0",
                                    "type": "timeseries",
                                    "label": "PM1.0",
                                    "color": "#673ab7",
                                    "settings": {
                                        "columnWidth": "0px",
                                        "useCellStyleFunction": false,
                                        "cellStyleFunction": "",
                                        "useCellContentFunction": false,
                                        "cellContentFunction": "",
                                        "defaultColumnVisibility": "visible",
                                        "columnSelectionToDisplay": "enabled"
                                    },
                                    "_hash": 0.21117433795150098,
                                    "units": "\u00b5g/m\u00b3",
                                    "decimals": 0,
                                    "funcBody": null,
                                    "usePostProcessing": null,
                                    "postFuncBody": null
                                },
                                {
                                    "name": "pm2_5",
                                    "type": "timeseries",
                                    "label": "PM 2.5",
                                    "color": "#3f51b5",
                                    "settings": {
                                        "columnWidth": "50px",
                                        "useCellStyleFunction": false,
                                        "cellStyleFunction": "",
                                        "useCellContentFunction": false,
                                        "cellContentFunction": "",
                                        "defaultColumnVisibility": "visible",
                                        "columnSelectionToDisplay": "enabled"
                                    },
                                    "_hash": 0.6832285755263632,
                                    "units": "\u00b5g/m\u00b3",
                                    "decimals": 0,
                                    "funcBody": null,
                                    "usePostProcessing": null,
                                    "postFuncBody": null
                                },
                                {
                                    "name": "pm10",
                                    "type": "timeseries",
                                    "label": "PM 10",
                                    "color": "#e91e63",
                                    "settings": {
                                        "columnWidth": "50px",
                                        "useCellStyleFunction": false,
                                        "cellStyleFunction": "",
                                        "useCellContentFunction": false,
                                        "cellContentFunction": "",
                                        "defaultColumnVisibility": "visible",
                                        "columnSelectionToDisplay": "enabled"
                                    },
                                    "_hash": 0.7813589890301278,
                                    "units": "\u00b5g/m\u00b3",
                                    "decimals": 0,
                                    "funcBody": null,
                                    "usePostProcessing": null,
                                    "postFuncBody": null
                                },
                                {
                                    "name": "gas1",
                                    "type": "timeseries",
                                    "label": "Gas1",
                                    "color": "#673ab7",
                                    "settings": {
                                        "columnWidth": "50px",
                                        "useCellStyleFunction": false,
                                        "cellStyleFunction": "",
                                        "useCellContentFunction": false,
                                        "cellContentFunction": "",
                                        "defaultColumnVisibility": "visible",
                                        "columnSelectionToDisplay": "enabled"
                                    },
                                    "_hash": 0.8072295117465194,
                                    "units": "\u00b5g/m\u00b3",
                                    "decimals": 0,
                                    "funcBody": null,
                                    "usePostProcessing": null,
                                    "postFuncBody": null
                                },
                                {
                                    "name": "lastActivityTime",
                                    "type": "attribute",
                                    "label": "lastActivityTime",
                                    "color": "#ff9800",
                                    "settings": {
                                        "columnWidth": "0px",
                                        "useCellStyleFunction": false,
                                        "cellStyleFunction": "",
                                        "useCellContentFunction": true,
                                        "defaultColumnVisibility": "visible",
                                        "columnSelectionToDisplay": "enabled",
                                        "cellContentFunction": "var createdTime = value;\r\nreturn createdTime ? ctx.date.transform(createdTime, 'yyyy-MM-dd HH:mm:ss') : '';\r\n"
                                    },
                                    "_hash": 0.7578324897387394,
                                    "units": null,
                                    "decimals": null,
                                    "funcBody": null,
                                    "usePostProcessing": null,
                                    "postFuncBody": null
                                },
                                {
                                    "name": "co",
                                    "type": "timeseries",
                                    "label": "co",
                                    "color": "#673ab7",
                                    "settings": {
                                        "columnWidth": "0px",
                                        "useCellStyleFunction": false,
                                        "cellStyleFunction": "",
                                        "useCellContentFunction": false,
                                        "cellContentFunction": "",
                                        "defaultColumnVisibility": "visible",
                                        "columnSelectionToDisplay": "enabled"
                                    },
                                    "_hash": 0.2833364123441413
                                },
                                {
                                    "name": "hcho",
                                    "type": "timeseries",
                                    "label": "hcho",
                                    "color": "#cddc39",
                                    "settings": {
                                        "columnWidth": "0px",
                                        "useCellStyleFunction": false,
                                        "cellStyleFunction": "",
                                        "useCellContentFunction": false,
                                        "cellContentFunction": "",
                                        "defaultColumnVisibility": "visible",
                                        "columnSelectionToDisplay": "enabled"
                                    },
                                    "_hash": 0.4514065933042639
                                }
                            ]
                        }
                    ],
                    "showTitleIcon": false,
                    "titleIcon": null,
                    "iconColor": "rgba(0, 0, 0, 0.87)",
                    "iconSize": "24px",
                    "titleTooltip": "",
                    "widgetStyle": {
                        "border-radius": "8px",
                        "box-shadow": "0px 0px 5px rgba(0, 0, 0, 0.05), 0px 0px 20px -10px rgba(16, 16, 16, 0.35)"
                    },
                    "displayTimewindow": true,
                    "actions": {
                        "headerButton": [],
                        "actionCellButton": [],
                        "rowClick": []
                    },
                    "enableDataExport": true,
                    "widgetCss": "",
                    "noDataDisplayMessage": "NIL",
                    "units": ""
                },
                "id": "f33c746c-0dfc-c212-395b-b448c8a17209"
            },
            "efb8faae-d76e-39a3-ba49-042cdc013e82": {
                "isSystemType": true,
                "bundleAlias": "cards",
                "typeAlias": "entities_table",
                "type": "latest",
                "title": "New widget",
                "image": null,
                "description": null,
                "sizeX": 7.5,
                "sizeY": 6.5,
                "config": {
                    "timewindow": {
                        "realtime": {
                            "interval": 1000,
                            "timewindowMs": 86400000
                        },
                        "aggregation": {
                            "type": "NONE",
                            "limit": 200
                        }
                    },
                    "showTitle": true,
                    "backgroundColor": "rgb(255, 255, 255)",
                    "color": "rgba(0, 0, 0, 0.87)",
                    "padding": "4px",
                    "settings": {
                        "enableSearch": true,
                        "displayPagination": true,
                        "defaultPageSize": 10,
                        "defaultSortOrder": "entityName",
                        "displayEntityName": true,
                        "displayEntityType": false,
                        "enableSelectColumnDisplay": true,
                        "enableStickyHeader": true,
                        "enableStickyAction": true,
                        "reserveSpaceForHiddenAction": "true",
                        "displayEntityLabel": false,
                        "useRowStyleFunction": false,
                        "entitiesTitle": "Leo-V2 Sensor"
                    },
                    "title": "New Entities table",
                    "dropShadow": true,
                    "enableFullscreen": true,
                    "titleStyle": {
                        "fontSize": "16px",
                        "fontWeight": 400,
                        "padding": "5px 10px 5px 10px"
                    },
                    "useDashboardTimewindow": false,
                    "showLegend": false,
                    "datasources": [
                        {
                            "type": "entity",
                            "name": null,
                            "entityAliasId": "f5bebec7-2dec-bdf2-a117-ae0cde8daabd",
                            "filterId": "9c60cf74-6bf4-dc80-1581-e0afa8c1f3ee",
                            "dataKeys": [
                                {
                                    "name": "displayName",
                                    "type": "attribute",
                                    "label": "displayName",
                                    "color": "#ffc107",
                                    "settings": {
                                        "columnWidth": "0px",
                                        "useCellStyleFunction": false,
                                        "cellStyleFunction": "",
                                        "useCellContentFunction": false,
                                        "cellContentFunction": "",
                                        "defaultColumnVisibility": "visible",
                                        "columnSelectionToDisplay": "enabled"
                                    },
                                    "_hash": 0.4157073072616586
                                },
                                {
                                    "name": "active",
                                    "type": "attribute",
                                    "label": "active",
                                    "color": "#2196f3",
                                    "settings": {
                                        "columnWidth": "0px",
                                        "useCellStyleFunction": false,
                                        "cellStyleFunction": "",
                                        "useCellContentFunction": false,
                                        "cellContentFunction": "",
                                        "defaultColumnVisibility": "visible",
                                        "columnSelectionToDisplay": "enabled"
                                    },
                                    "_hash": 0.5231120432735579
                                },
                                {
                                    "name": "temperature",
                                    "type": "timeseries",
                                    "label": "temperature",
                                    "color": "#4caf50",
                                    "settings": {
                                        "columnWidth": "0px",
                                        "useCellStyleFunction": false,
                                        "cellStyleFunction": "",
                                        "useCellContentFunction": false,
                                        "cellContentFunction": "",
                                        "defaultColumnVisibility": "visible",
                                        "columnSelectionToDisplay": "enabled"
                                    },
                                    "_hash": 0.6946582311601668,
                                    "units": null,
                                    "decimals": 1,
                                    "funcBody": null,
                                    "usePostProcessing": null,
                                    "postFuncBody": null
                                },
                                {
                                    "name": "relativeHumidity",
                                    "type": "timeseries",
                                    "label": "relativeHumidity",
                                    "color": "#f44336",
                                    "settings": {
                                        "columnWidth": "0px",
                                        "useCellStyleFunction": false,
                                        "cellStyleFunction": "",
                                        "useCellContentFunction": false,
                                        "cellContentFunction": "",
                                        "defaultColumnVisibility": "visible",
                                        "columnSelectionToDisplay": "enabled"
                                    },
                                    "_hash": 0.49158755405915255,
                                    "units": null,
                                    "decimals": 1,
                                    "funcBody": null,
                                    "usePostProcessing": null,
                                    "postFuncBody": null
                                },
                                {
                                    "name": "co2",
                                    "type": "timeseries",
                                    "label": "co2",
                                    "color": "#607d8b",
                                    "settings": {
                                        "columnWidth": "0px",
                                        "useCellStyleFunction": false,
                                        "cellStyleFunction": "",
                                        "useCellContentFunction": false,
                                        "cellContentFunction": "",
                                        "defaultColumnVisibility": "visible",
                                        "columnSelectionToDisplay": "enabled"
                                    },
                                    "_hash": 0.7239160445645849,
                                    "units": null,
                                    "decimals": 1,
                                    "funcBody": null,
                                    "usePostProcessing": null,
                                    "postFuncBody": null
                                },
                                {
                                    "name": "co",
                                    "type": "timeseries",
                                    "label": "co",
                                    "color": "#9c27b0",
                                    "settings": {
                                        "columnWidth": "0px",
                                        "useCellStyleFunction": false,
                                        "cellStyleFunction": "",
                                        "useCellContentFunction": false,
                                        "cellContentFunction": "",
                                        "defaultColumnVisibility": "visible",
                                        "columnSelectionToDisplay": "enabled"
                                    },
                                    "_hash": 0.8955703007129854,
                                    "units": null,
                                    "decimals": 1,
                                    "funcBody": null,
                                    "usePostProcessing": null,
                                    "postFuncBody": null
                                },
                                {
                                    "name": "tvoc",
                                    "type": "timeseries",
                                    "label": "tvoc",
                                    "color": "#8bc34a",
                                    "settings": {
                                        "columnWidth": "0px",
                                        "useCellStyleFunction": false,
                                        "cellStyleFunction": "",
                                        "useCellContentFunction": false,
                                        "cellContentFunction": "",
                                        "defaultColumnVisibility": "visible",
                                        "columnSelectionToDisplay": "enabled"
                                    },
                                    "_hash": 0.28624464074151224,
                                    "units": null,
                                    "decimals": 1,
                                    "funcBody": null,
                                    "usePostProcessing": null,
                                    "postFuncBody": null
                                },
                                {
                                    "name": "pm1_0",
                                    "type": "timeseries",
                                    "label": "pm1_0",
                                    "color": "#3f51b5",
                                    "settings": {
                                        "columnWidth": "0px",
                                        "useCellStyleFunction": false,
                                        "cellStyleFunction": "",
                                        "useCellContentFunction": false,
                                        "cellContentFunction": "",
                                        "defaultColumnVisibility": "visible",
                                        "columnSelectionToDisplay": "enabled"
                                    },
                                    "_hash": 0.6691771784393588,
                                    "units": null,
                                    "decimals": 1,
                                    "funcBody": null,
                                    "usePostProcessing": null,
                                    "postFuncBody": null
                                },
                                {
                                    "name": "pm2_5",
                                    "type": "timeseries",
                                    "label": "pm2_5",
                                    "color": "#e91e63",
                                    "settings": {
                                        "columnWidth": "0px",
                                        "useCellStyleFunction": false,
                                        "cellStyleFunction": "",
                                        "useCellContentFunction": false,
                                        "cellContentFunction": "",
                                        "defaultColumnVisibility": "visible",
                                        "columnSelectionToDisplay": "enabled"
                                    },
                                    "_hash": 0.3715129355541116,
                                    "units": null,
                                    "decimals": 1,
                                    "funcBody": null,
                                    "usePostProcessing": null,
                                    "postFuncBody": null
                                },
                                {
                                    "name": "pm10",
                                    "type": "timeseries",
                                    "label": "pm10",
                                    "color": "#ffeb3b",
                                    "settings": {
                                        "columnWidth": "0px",
                                        "useCellStyleFunction": false,
                                        "cellStyleFunction": "",
                                        "useCellContentFunction": false,
                                        "cellContentFunction": "",
                                        "defaultColumnVisibility": "visible",
                                        "columnSelectionToDisplay": "enabled"
                                    },
                                    "_hash": 0.15265522303588797,
                                    "units": null,
                                    "decimals": 1,
                                    "funcBody": null,
                                    "usePostProcessing": null,
                                    "postFuncBody": null
                                },
                                {
                                    "name": "hcho",
                                    "type": "timeseries",
                                    "label": "hcho",
                                    "color": "#03a9f4",
                                    "settings": {
                                        "columnWidth": "0px",
                                        "useCellStyleFunction": false,
                                        "cellStyleFunction": "",
                                        "useCellContentFunction": false,
                                        "cellContentFunction": "",
                                        "defaultColumnVisibility": "visible",
                                        "columnSelectionToDisplay": "enabled"
                                    },
                                    "_hash": 0.39242483935427597,
                                    "units": null,
                                    "decimals": 1,
                                    "funcBody": null,
                                    "usePostProcessing": null,
                                    "postFuncBody": null
                                },
                                {
                                    "name": "no2",
                                    "type": "timeseries",
                                    "label": "no2",
                                    "color": "#ff9800",
                                    "settings": {
                                        "columnWidth": "0px",
                                        "useCellStyleFunction": false,
                                        "cellStyleFunction": "",
                                        "useCellContentFunction": false,
                                        "cellContentFunction": "",
                                        "defaultColumnVisibility": "visible",
                                        "columnSelectionToDisplay": "enabled"
                                    },
                                    "_hash": 0.1660079448577212,
                                    "units": null,
                                    "decimals": 1,
                                    "funcBody": null,
                                    "usePostProcessing": null,
                                    "postFuncBody": null
                                },
                                {
                                    "name": "nh3",
                                    "type": "timeseries",
                                    "label": "nh3",
                                    "color": "#673ab7",
                                    "settings": {
                                        "columnWidth": "0px",
                                        "useCellStyleFunction": false,
                                        "cellStyleFunction": "",
                                        "useCellContentFunction": false,
                                        "cellContentFunction": "",
                                        "defaultColumnVisibility": "visible",
                                        "columnSelectionToDisplay": "enabled"
                                    },
                                    "_hash": 0.9507409407708427,
                                    "units": null,
                                    "decimals": 1,
                                    "funcBody": null,
                                    "usePostProcessing": null,
                                    "postFuncBody": null
                                },
                                {
                                    "name": "o3",
                                    "type": "timeseries",
                                    "label": "o3",
                                    "color": "#cddc39",
                                    "settings": {
                                        "columnWidth": "0px",
                                        "useCellStyleFunction": false,
                                        "cellStyleFunction": "",
                                        "useCellContentFunction": false,
                                        "cellContentFunction": "",
                                        "defaultColumnVisibility": "visible",
                                        "columnSelectionToDisplay": "enabled"
                                    },
                                    "_hash": 0.9228279838037414,
                                    "units": null,
                                    "decimals": 1,
                                    "funcBody": null,
                                    "usePostProcessing": null,
                                    "postFuncBody": null
                                },
                                {
                                    "name": "illuminance",
                                    "type": "timeseries",
                                    "label": "illuminance",
                                    "color": "#009688",
                                    "settings": {
                                        "columnWidth": "0px",
                                        "useCellStyleFunction": false,
                                        "cellStyleFunction": "",
                                        "useCellContentFunction": false,
                                        "cellContentFunction": "",
                                        "defaultColumnVisibility": "visible",
                                        "columnSelectionToDisplay": "enabled"
                                    },
                                    "_hash": 0.3142388235652154,
                                    "units": null,
                                    "decimals": 1,
                                    "funcBody": null,
                                    "usePostProcessing": null,
                                    "postFuncBody": null
                                },
                                {
                                    "name": "noiseLevel",
                                    "type": "timeseries",
                                    "label": "noiseLevel",
                                    "color": "#795548",
                                    "settings": {
                                        "columnWidth": "0px",
                                        "useCellStyleFunction": false,
                                        "cellStyleFunction": "",
                                        "useCellContentFunction": false,
                                        "cellContentFunction": "",
                                        "defaultColumnVisibility": "visible",
                                        "columnSelectionToDisplay": "enabled"
                                    },
                                    "_hash": 0.14105565488699723,
                                    "units": null,
                                    "decimals": 1,
                                    "funcBody": null,
                                    "usePostProcessing": null,
                                    "postFuncBody": null
                                },
                                {
                                    "name": "hasMotion",
                                    "type": "timeseries",
                                    "label": "hasMotion",
                                    "color": "#00bcd4",
                                    "settings": {
                                        "columnWidth": "0px",
                                        "useCellStyleFunction": false,
                                        "cellStyleFunction": "",
                                        "useCellContentFunction": false,
                                        "cellContentFunction": "",
                                        "defaultColumnVisibility": "visible",
                                        "columnSelectionToDisplay": "enabled"
                                    },
                                    "_hash": 0.29342642400304375
                                }
                            ]
                        }
                    ]
                },
                "row": 0,
                "col": 0,
                "id": "efb8faae-d76e-39a3-ba49-042cdc013e82"
            }
        },
        "states": {
            "default": {
                "name": "HK Land Sensor",
                "root": true,
                "layouts": {
                    "main": {
                        "widgets": {
                            "f33c746c-0dfc-c212-395b-b448c8a17209": {
                                "sizeX": 24,
                                "sizeY": 7,
                                "row": 0,
                                "col": 0
                            },
                            "efb8faae-d76e-39a3-ba49-042cdc013e82": {
                                "sizeX": 24,
                                "sizeY": 9,
                                "row": 7,
                                "col": 0
                            }
                        },
                        "gridSettings": {
                            "backgroundColor": "#eeeeee",
                            "columns": 24,
                            "margin": 10,
                            "backgroundSizeMode": "100%"
                        }
                    }
                }
            }
        },
        "entityAliases": {
            "3093cabc-bf18-417f-fba0-c57c9c316626": {
                "id": "3093cabc-bf18-417f-fba0-c57c9c316626",
                "alias": "Sensor_AirG",
                "filter": {
                    "type": "deviceType",
                    "resolveMultiple": true,
                    "deviceType": "AirGuard-LRS10701",
                    "deviceNameFilter": ""
                }
            },
            "f5bebec7-2dec-bdf2-a117-ae0cde8daabd": {
                "id": "f5bebec7-2dec-bdf2-a117-ae0cde8daabd",
                "alias": "Leo-V2",
                "filter": {
                    "type": "deviceType",
                    "resolveMultiple": true,
                    "deviceType": "Atlasen-LeoV2",
                    "deviceNameFilter": ""
                }
            }
        },
        "filters": {
            "68efeb68-4581-0859-5c47-d41376d3998a": {
                "id": "68efeb68-4581-0859-5c47-d41376d3998a",
                "filter": "AG filter",
                "keyFilters": [
                    {
                        "key": {
                            "type": "ENTITY_FIELD",
                            "key": "label"
                        },
                        "valueType": "STRING",
                        "predicates": [
                            {
                                "keyFilterPredicate": {
                                    "operation": "OR",
                                    "predicates": [
                                        {
                                            "keyFilterPredicate": {
                                                "operation": "CONTAINS",
                                                "value": {
                                                    "defaultValue": "BB7",
                                                    "dynamicValue": null
                                                },
                                                "ignoreCase": false,
                                                "type": "STRING"
                                            },
                                            "userInfo": {
                                                "editable": true,
                                                "label": "",
                                                "autogeneratedLabel": true,
                                                "order": 0
                                            }
                                        },
                                        {
                                            "keyFilterPredicate": {
                                                "operation": "CONTAINS",
                                                "value": {
                                                    "defaultValue": "ADD",
                                                    "dynamicValue": null
                                                },
                                                "ignoreCase": false,
                                                "type": "STRING"
                                            },
                                            "userInfo": {
                                                "editable": true,
                                                "label": "",
                                                "autogeneratedLabel": true,
                                                "order": 0
                                            }
                                        },
                                        {
                                            "keyFilterPredicate": {
                                                "operation": "CONTAINS",
                                                "value": {
                                                    "defaultValue": "AE6",
                                                    "dynamicValue": null
                                                },
                                                "ignoreCase": false,
                                                "type": "STRING"
                                            },
                                            "userInfo": {
                                                "editable": true,
                                                "label": "",
                                                "autogeneratedLabel": true,
                                                "order": 0
                                            }
                                        }
                                    ],
                                    "type": "COMPLEX"
                                },
                                "userInfo": {
                                    "editable": true,
                                    "label": "",
                                    "autogeneratedLabel": true,
                                    "order": 0
                                }
                            }
                        ]
                    }
                ],
                "editable": true
            },
            "9c60cf74-6bf4-dc80-1581-e0afa8c1f3ee": {
                "id": "9c60cf74-6bf4-dc80-1581-e0afa8c1f3ee",
                "filter": "LeoV2 Filter",
                "keyFilters": [
                    {
                        "key": {
                            "type": "ENTITY_FIELD",
                            "key": "label"
                        },
                        "valueType": "STRING",
                        "predicates": [
                            {
                                "keyFilterPredicate": {
                                    "operation": "OR",
                                    "predicates": [
                                        {
                                            "keyFilterPredicate": {
                                                "operation": "CONTAINS",
                                                "value": {
                                                    "defaultValue": "541",
                                                    "dynamicValue": null
                                                },
                                                "ignoreCase": false,
                                                "type": "STRING"
                                            },
                                            "userInfo": {
                                                "editable": true,
                                                "label": "",
                                                "autogeneratedLabel": true,
                                                "order": 0
                                            }
                                        },
                                        {
                                            "keyFilterPredicate": {
                                                "operation": "CONTAINS",
                                                "value": {
                                                    "defaultValue": "549",
                                                    "dynamicValue": null
                                                },
                                                "ignoreCase": false,
                                                "type": "STRING"
                                            },
                                            "userInfo": {
                                                "editable": true,
                                                "label": "",
                                                "autogeneratedLabel": true,
                                                "order": 0
                                            }
                                        },
                                        {
                                            "keyFilterPredicate": {
                                                "operation": "CONTAINS",
                                                "value": {
                                                    "defaultValue": "557",
                                                    "dynamicValue": null
                                                },
                                                "ignoreCase": false,
                                                "type": "STRING"
                                            },
                                            "userInfo": {
                                                "editable": true,
                                                "label": "",
                                                "autogeneratedLabel": true,
                                                "order": 0
                                            }
                                        }
                                    ],
                                    "type": "COMPLEX"
                                },
                                "userInfo": {
                                    "editable": true,
                                    "label": "",
                                    "autogeneratedLabel": true,
                                    "order": 0
                                }
                            }
                        ]
                    }
                ],
                "editable": true
            }
        },
        "timewindow": {
            "displayValue": "",
            "hideInterval": false,
            "hideAggregation": false,
            "hideAggInterval": false,
            "hideTimezone": false,
            "selectedTab": 0,
            "realtime": {
                "realtimeType": 0,
                "interval": 1000,
                "timewindowMs": 60000,
                "quickInterval": "CURRENT_DAY"
            },
            "history": {
                "historyType": 0,
                "interval": 1000,
                "timewindowMs": 60000,
                "fixedTimewindow": {
                    "startTimeMs": 1683030658000,
                    "endTimeMs": 1683117058000
                },
                "quickInterval": "CURRENT_DAY"
            },
            "aggregation": {
                "type": "AVG",
                "limit": 25000
            }
        },
        "settings": {
            "stateControllerId": "entity",
            "showTitle": false,
            "showDashboardsSelect": true,
            "showEntitiesSelect": true,
            "showDashboardTimewindow": true,
            "showDashboardExport": true,
            "toolbarAlwaysOpen": true
        }
    },
    "name": "HK Land Sensor",
    "mapping": {}
}