{
    "title": "SWIRE_waterLeakage",
    "image": null,
    "assignedCustomers": null,
    "mobileHide": false,
    "mobileOrder": null,
    "configuration": {
        "description": "",
        "widgets": {
            "68ecec2c-a8bc-f211-df28-975b82db43b9": {
                "isSystemType": true,
                "bundleAlias": "cards",
                "typeAlias": "entities_table",
                "type": "latest",
                "title": "New widget",
                "image": null,
                "description": null,
                "sizeX": 7.5,
                "sizeY": 6.5,
                "config": {
                    "timewindow": {
                        "realtime": {
                            "interval": 1000,
                            "timewindowMs": 86400000
                        },
                        "aggregation": {
                            "type": "NONE",
                            "limit": 200
                        }
                    },
                    "showTitle": true,
                    "backgroundColor": "rgb(255, 255, 255)",
                    "color": "rgba(0, 0, 0, 0.87)",
                    "padding": "4px",
                    "settings": {
                        "enableSearch": true,
                        "displayPagination": true,
                        "defaultPageSize": 20,
                        "displayEntityName": true,
                        "displayEntityType": false,
                        "enableSelectColumnDisplay": true,
                        "enableStickyHeader": true,
                        "enableStickyAction": true,
                        "reserveSpaceForHiddenAction": "true",
                        "displayEntityLabel": false,
                        "useRowStyleFunction": false,
                        "entitiesTitle": "WaterLeakage",
                        "entityNameColumnTitle": "Device",
                        "defaultSortOrder": "entityName"
                    },
                    "title": "New Entities table",
                    "dropShadow": true,
                    "enableFullscreen": true,
                    "titleStyle": {
                        "fontSize": "16px",
                        "fontWeight": 400,
                        "padding": "5px 10px 5px 10px"
                    },
                    "useDashboardTimewindow": false,
                    "showLegend": false,
                    "datasources": [
                        {
                            "type": "entity",
                            "name": null,
                            "entityAliasId": "9e7eb6e1-3866-994d-bd36-e5f3206bf7c6",
                            "filterId": null,
                            "dataKeys": [
                                {
                                    "name": "batteryLevel",
                                    "type": "timeseries",
                                    "label": "batteryLevel",
                                    "color": "#2196f3",
                                    "settings": {
                                        "columnWidth": "0px",
                                        "useCellStyleFunction": false,
                                        "cellStyleFunction": "",
                                        "useCellContentFunction": false,
                                        "cellContentFunction": "",
                                        "defaultColumnVisibility": "visible",
                                        "columnSelectionToDisplay": "enabled"
                                    },
                                    "_hash": 0.584453438621855
                                },
                                {
                                    "name": "active",
                                    "type": "attribute",
                                    "label": "active",
                                    "color": "#f44336",
                                    "settings": {
                                        "columnWidth": "0px",
                                        "useCellStyleFunction": true,
                                        "useCellContentFunction": true,
                                        "defaultColumnVisibility": "visible",
                                        "columnSelectionToDisplay": "enabled",
                                        "cellStyleFunction": "var color;\nif (value === \"true\") {\n    color = 'rgb(39, 134, 34)';\n} else {\n    color = 'rgb(255, 0, 0)';\n}\nreturn {\n    color: color,\n    fontSize: '26px'\n};",
                                        "cellContentFunction": "value = '&#11044;';\nreturn value;"
                                    },
                                    "_hash": 0.7723639112215361,
                                    "units": null,
                                    "decimals": null,
                                    "funcBody": null,
                                    "usePostProcessing": null,
                                    "postFuncBody": null
                                },
                                {
                                    "name": "hasWaterLeak",
                                    "type": "timeseries",
                                    "label": "hasWaterLeak",
                                    "color": "#ffc107",
                                    "settings": {
                                        "columnWidth": "0px",
                                        "useCellStyleFunction": true,
                                        "useCellContentFunction": true,
                                        "defaultColumnVisibility": "visible",
                                        "columnSelectionToDisplay": "enabled",
                                        "cellStyleFunction": "var color;\nif (value === \"True\") {\n    color = 'rgb(255, 0, 0)';\n} else {\n    color = 'rgb(39, 134, 34)';\n}\nreturn {\n    color: color,\n    fontSize: '26px'\n};",
                                        "cellContentFunction": "value = '&#11044;';\nreturn value;"
                                    },
                                    "_hash": 0.818236443973055,
                                    "units": null,
                                    "decimals": null,
                                    "funcBody": null,
                                    "usePostProcessing": null,
                                    "postFuncBody": null
                                }
                            ]
                        }
                    ],
                    "actions": {
                        "rowClick": [
                            {
                                "name": "to_details",
                                "icon": "more_horiz",
                                "useShowWidgetActionFunction": null,
                                "showWidgetActionFunction": "return true;",
                                "type": "openDashboardState",
                                "targetDashboardStateId": "__entityname__",
                                "setEntityId": true,
                                "stateEntityParamName": "",
                                "openRightLayout": false,
                                "openInSeparateDialog": false,
                                "openInPopover": false,
                                "id": "64e7699e-c201-0a68-601c-7868512c93e9"
                            }
                        ]
                    }
                },
                "row": 0,
                "col": 0,
                "id": "68ecec2c-a8bc-f211-df28-975b82db43b9"
            },
            "a5762376-01a4-5c81-5382-9c6d1a3023cf": {
                "isSystemType": true,
                "bundleAlias": "alarm_widgets",
                "typeAlias": "alarms_table",
                "type": "alarm",
                "title": "New widget",
                "image": null,
                "description": null,
                "sizeX": 10.5,
                "sizeY": 6.5,
                "config": {
                    "timewindow": {
                        "realtime": {
                            "interval": 1000,
                            "timewindowMs": 86400000
                        },
                        "aggregation": {
                            "type": "NONE",
                            "limit": 200
                        }
                    },
                    "showTitle": true,
                    "backgroundColor": "rgb(255, 255, 255)",
                    "color": "rgba(0, 0, 0, 0.87)",
                    "padding": "4px",
                    "settings": {
                        "enableSelection": true,
                        "enableSearch": true,
                        "displayDetails": true,
                        "allowAcknowledgment": true,
                        "allowClear": true,
                        "displayPagination": true,
                        "defaultPageSize": 10,
                        "defaultSortOrder": "-createdTime",
                        "enableSelectColumnDisplay": true,
                        "enableStickyAction": false,
                        "enableFilter": true,
                        "enableStickyHeader": true,
                        "reserveSpaceForHiddenAction": "true",
                        "useRowStyleFunction": false
                    },
                    "title": "New Alarms table",
                    "dropShadow": true,
                    "enableFullscreen": true,
                    "titleStyle": {
                        "fontSize": "16px",
                        "fontWeight": 400,
                        "padding": "5px 10px 5px 10px"
                    },
                    "useDashboardTimewindow": false,
                    "showLegend": false,
                    "alarmSource": {
                        "type": "entity",
                        "name": null,
                        "entityAliasId": "79c29826-b974-2d7c-152c-010a471750c0",
                        "filterId": null,
                        "dataKeys": [
                            {
                                "name": "createdTime",
                                "type": "alarm",
                                "label": "Created time",
                                "color": "#2196f3",
                                "settings": {
                                    "useCellStyleFunction": false,
                                    "cellStyleFunction": "",
                                    "useCellContentFunction": false,
                                    "cellContentFunction": ""
                                },
                                "_hash": 0.021092237451093787
                            },
                            {
                                "name": "originator",
                                "type": "alarm",
                                "label": "Originator",
                                "color": "#4caf50",
                                "settings": {
                                    "useCellStyleFunction": false,
                                    "cellStyleFunction": "",
                                    "useCellContentFunction": false,
                                    "cellContentFunction": ""
                                },
                                "_hash": 0.2780007688856758
                            },
                            {
                                "name": "type",
                                "type": "alarm",
                                "label": "Type",
                                "color": "#f44336",
                                "settings": {
                                    "useCellStyleFunction": false,
                                    "cellStyleFunction": "",
                                    "useCellContentFunction": false,
                                    "cellContentFunction": ""
                                },
                                "_hash": 0.7323586880398418
                            },
                            {
                                "name": "severity",
                                "type": "alarm",
                                "label": "Severity",
                                "color": "#ffc107",
                                "settings": {
                                    "useCellStyleFunction": false,
                                    "useCellContentFunction": false
                                },
                                "_hash": 0.09927019860088193
                            },
                            {
                                "name": "status",
                                "type": "alarm",
                                "label": "Status",
                                "color": "#607d8b",
                                "settings": {
                                    "useCellStyleFunction": false,
                                    "cellStyleFunction": "",
                                    "useCellContentFunction": false,
                                    "cellContentFunction": ""
                                },
                                "_hash": 0.6588418951443418
                            }
                        ]
                    },
                    "alarmSearchStatus": "ANY",
                    "alarmsPollingInterval": 5,
                    "showTitleIcon": false,
                    "titleIcon": "more_horiz",
                    "iconColor": "rgba(0, 0, 0, 0.87)",
                    "iconSize": "24px",
                    "titleTooltip": "",
                    "widgetStyle": {},
                    "displayTimewindow": true,
                    "actions": {},
                    "alarmStatusList": [],
                    "alarmSeverityList": [],
                    "alarmTypeList": [],
                    "searchPropagatedAlarms": false,
                    "datasources": []
                },
                "row": 0,
                "col": 0,
                "id": "a5762376-01a4-5c81-5382-9c6d1a3023cf"
            },
            "182025be-f559-15f7-6a2c-a05db53ad2b8": {
                "isSystemType": true,
                "bundleAlias": "cards",
                "typeAlias": "markdown_card",
                "type": "latest",
                "title": "New widget",
                "image": null,
                "description": null,
                "sizeX": 5,
                "sizeY": 3.5,
                "config": {
                    "datasources": [
                        {
                            "type": "entityCount",
                            "name": null,
                            "entityAliasId": "a2a65076-19c3-5f4f-0924-fc31e4414014",
                            "filterId": null,
                            "dataKeys": [
                                {
                                    "name": "count",
                                    "type": "count",
                                    "label": "totalDevicesNumber",
                                    "color": "#2196f3",
                                    "settings": {},
                                    "_hash": 0.3678139542251744,
                                    "units": null,
                                    "decimals": null,
                                    "funcBody": null,
                                    "usePostProcessing": null,
                                    "postFuncBody": null
                                }
                            ]
                        }
                    ],
                    "timewindow": {
                        "realtime": {
                            "timewindowMs": 60000
                        }
                    },
                    "showTitle": false,
                    "backgroundColor": "#fff",
                    "color": "rgba(0, 0, 0, 0.87)",
                    "padding": "0px",
                    "settings": {
                        "markdownTextFunction": "return '# Some title\\n - Entity name: ' + data[0]['entityName'];",
                        "markdownCss": ".tb-markdown-view {\n    height: 100%;\n}\n.card {\n   width: 100%;\n   height: 100%;\n   box-sizing: border-box;\n   background: #305680;\n   padding: 24px 32px;\n   display: flex;\n   flex-direction: column;\n   align-items: center;\n   justify-content: space-around;\n}\n\n.card:hover {\n    background: #264363;\n}\n\n.card .description {\n    font-size: 14px;\n    font-weight: bold;\n    line-height: 21px;\n    text-align: center;\n    color: #FFFFFF;\n    opacity: 0.6;\n}\n\n.card .value {\n    font-size: 26px;\n    font-weight: bold;\n    line-height: 39px;\n    text-align: center;\n    color: #FFFFFF;\n}\n\nbutton.mat-icon-button {\n    width: 32px;\n    min-width: 32px;\n    height: 32px;\n    min-height: 32px;\n    padding: 0!important;\n    margin: 0!important;\n    line-height: 20px;\n}\n\nbutton.mat-icon-button mat-icon {\n    width: 20px;\n    min-width: 20px;\n    height: 20px;\n    min-height: 20px;\n    font-size: 20px;\n    line-height: 20px;\n    color: rgba(255, 255, 255, 0.6);\n}\n\nbutton.mat-icon-button:hover mat-icon {\n    color: #FFFFFF;\n}\n\nbutton.mat-icon-button .mat-button-focus-overlay {\n\topacity: .1;\n}\n\nbutton.mat-icon-button:hover .mat-button-focus-overlay {\n\topacity: .1;\n}\n\n\nbutton.alarms {\n    position: absolute;\n    top: 10px;\n    right: 10px;\n}\n\n@media (min-width: 960px) and (max-width: 1200px) {\n    .card .description {\n        font-size: 12px;\n        line-height: 18px;\n    }\n\n    .card .value {\n        font-size: 20px;\n        line-height: 28px;\n    }\n}\n\n@media (min-width: 1921px) {\n    .card .description {\n        font-size: 18px;\n        line-height: 26px;\n    }\n\n    .card .value {\n        font-size: 32px;\n        line-height: 42px;\n    }\n}",
                        "markdownTextPattern": "<div class='card' id=\"goto-devices\">\n    <div class='description'>\n        home\n    </div>\n\n</div>\n",
                        "useMarkdownTextFunction": false
                    },
                    "title": "Total Devices Card",
                    "showTitleIcon": false,
                    "iconColor": "rgba(0, 0, 0, 0.87)",
                    "iconSize": "24px",
                    "titleTooltip": "",
                    "dropShadow": false,
                    "enableFullscreen": false,
                    "widgetStyle": {
                        "border-radius": "8px",
                        "box-shadow": "0px 10px 20px -13px rgba(16, 16, 16, 0.35)"
                    },
                    "titleStyle": {
                        "fontSize": "16px",
                        "fontWeight": 400
                    },
                    "showLegend": false,
                    "actions": {
                        "elementClick": [
                            {
                                "name": "goto-devices",
                                "icon": "more_horiz",
                                "useShowWidgetActionFunction": null,
                                "showWidgetActionFunction": "return true;",
                                "type": "openDashboard",
                                "targetDashboardStateId": null,
                                "setEntityId": true,
                                "stateEntityParamName": null,
                                "openNewBrowserTab": false,
                                "targetDashboardId": "f87fe4b0-779f-11ed-9e0d-d1fd4a0f719a",
                                "openInSeparateDialog": false,
                                "openInPopover": false,
                                "id": "6833ccec-149a-2617-78ac-d38c88f249fc"
                            }
                        ]
                    }
                },
                "row": 0,
                "col": 0,
                "id": "182025be-f559-15f7-6a2c-a05db53ad2b8"
            }
        },
        "states": {
            "default": {
                "name": "SWIRE",
                "root": true,
                "layouts": {
                    "main": {
                        "widgets": {
                            "68ecec2c-a8bc-f211-df28-975b82db43b9": {
                                "sizeX": 18,
                                "sizeY": 12,
                                "row": 0,
                                "col": 0
                            },
                            "182025be-f559-15f7-6a2c-a05db53ad2b8": {
                                "sizeX": 6,
                                "sizeY": 1,
                                "row": 0,
                                "col": 18
                            }
                        },
                        "gridSettings": {
                            "backgroundColor": "#eeeeee",
                            "columns": 24,
                            "margin": 10,
                            "backgroundSizeMode": "100%"
                        }
                    }
                }
            },
            "__entityname__": {
                "name": "$(entityName):StateChart",
                "root": false,
                "layouts": {
                    "main": {
                        "widgets": {
                            "a5762376-01a4-5c81-5382-9c6d1a3023cf": {
                                "sizeX": 10,
                                "sizeY": 6,
                                "row": 5,
                                "col": 0
                            }
                        },
                        "gridSettings": {
                            "backgroundColor": "#eeeeee",
                            "columns": 24,
                            "margin": 10,
                            "backgroundSizeMode": "100%"
                        }
                    }
                }
            }
        },
        "entityAliases": {
            "9e7eb6e1-3866-994d-bd36-e5f3206bf7c6": {
                "id": "9e7eb6e1-3866-994d-bd36-e5f3206bf7c6",
                "alias": "waterLeakage",
                "filter": {
                    "type": "deviceType",
                    "resolveMultiple": true,
                    "deviceType": "Netvox-R313W",
                    "deviceNameFilter": ""
                }
            },
            "79c29826-b974-2d7c-152c-010a471750c0": {
                "id": "79c29826-b974-2d7c-152c-010a471750c0",
                "alias": "StateChart",
                "filter": {
                    "type": "stateEntity",
                    "resolveMultiple": false,
                    "stateEntityParamName": null,
                    "defaultStateEntity": null
                }
            },
            "a2a65076-19c3-5f4f-0924-fc31e4414014": {
                "id": "a2a65076-19c3-5f4f-0924-fc31e4414014",
                "alias": "Devices",
                "filter": {
                    "type": "entityType",
                    "resolveMultiple": true,
                    "entityType": "DEVICE"
                }
            }
        },
        "filters": {},
        "timewindow": {
            "hideInterval": false,
            "hideAggregation": false,
            "hideAggInterval": false,
            "hideTimezone": false,
            "selectedTab": 0,
            "realtime": {
                "realtimeType": 0,
                "timewindowMs": 3600000,
                "quickInterval": "CURRENT_DAY",
                "interval": 1000
            },
            "aggregation": {
                "type": "NONE",
                "limit": 25000
            }
        },
        "settings": {
            "stateControllerId": "entity",
            "showTitle": false,
            "showDashboardsSelect": false,
            "showEntitiesSelect": true,
            "showDashboardTimewindow": true,
            "showDashboardExport": true,
            "toolbarAlwaysOpen": false,
            "titleColor": "rgba(0,0,0,0.870588)",
            "showDashboardLogo": false,
            "dashboardLogoUrl": null,
            "hideToolbar": true,
            "showFilters": true,
            "showUpdateDashboardImage": true,
            "dashboardCss": ""
        }
    },
    "name": "SWIRE_waterLeakage",
    "mapping": {}
}